Academic Terms Key,Term Code,Term Description,Term Selector,Term Start Date,Term End Date,Academic Year,Academic Year Desc,Is Current Term,Term Status Indicator,Financial Aid Year,Degree Year,Last Day Of Final Exam,Pre Registration Start Day,Registration Day,First Day Of Classes,Last Day Of Classes,Graduate Award Start Date,Graduate Award End Date,Warehouse Load Date
1961FA,1961FA,Fall Term 1960-1961,1961FA-Fall Term 1960-1961,09/19/1960,01/27/1961,1961,Academic Year 1960-1961,N,P,1961,1961,01/27/1961,"",09/19/1960,"","","","",01/08/2016
1960SP,1960SP,Spring Term 1959-1960,1960SP-Spring Term 1959-1960,02/08/1960,06/03/1960,1960,Academic Year 1959-1960,N,P,1960,1960,06/03/1960,"",02/08/1960,"","","","",01/08/2016
1961SP,1961SP,Spring Term 1960-1961,1961SP-Spring Term 1960-1961,02/06/1961,06/02/1961,1961,Academic Year 1960-1961,N,P,1961,1961,06/02/1961,"",02/06/1961,"","","","",01/08/2016
1963SP,1963SP,Spring Term 1962-1963,1963SP-Spring Term 1962-1963,02/04/1963,05/31/1963,1963,Academic Year 1962-1963,N,P,1963,1963,05/31/1963,"",02/04/1963,"","","","",01/08/2016
1961SU,1961SU,Summer Term 1961,1961SU-Summer Term 1961,06/19/1961,08/31/1961,1961,Academic Year 1960-1961,N,P,1962,1962,08/31/1961,"",06/19/1961,"","","","",01/08/2016
1962SU,1962SU,Summer Term 1962,1962SU-Summer Term 1962,06/18/1962,08/30/1962,1962,Academic Year 1961-1962,N,P,1963,1963,08/30/1962,"",06/18/1962,"","","","",01/08/2016
1963SU,1963SU,Summer Term 1963,1963SU-Summer Term 1963,06/17/1963,08/29/1963,1963,Academic Year 1962-1963,N,P,1964,1964,08/29/1963,"",06/17/1963,"","","","",01/08/2016
1996FA,1996FA,Fall Term 1995-1996,1996FA-Fall Term 1995-1996,09/05/1995,12/22/1995,1996,Academic Year 1995-1996,N,P,1996,1996,12/22/1995,"",09/05/1995,09/06/1995,12/13/1995,09/01/1995,01/15/1996,01/08/2016
1996JA,1996JA,January Term 1995-1996,1996JA-January Term 1995-1996,01/08/1996,02/02/1996,1996,Academic Year 1995-1996,N,P,"","",02/02/1996,"",01/08/1996,01/08/1996,02/05/1996,"","",01/08/2016
1996SP,1996SP,Spring Term 1995-1996,1996SP-Spring Term 1995-1996,02/05/1996,05/24/1996,1996,Academic Year 1995-1996,N,P,1996,1996,05/24/1996,05/05/1996,02/05/1996,02/06/1996,05/16/1996,01/16/1996,05/31/1996,01/08/2016
1996SU,1996SU,Summer Term 1996,1996SU-Summer Term 1996,06/10/1996,08/20/1996,1996,Academic Year 1995-1996,N,P,1997,1997,08/20/1996,"",06/10/1996,06/10/1996,08/20/1996,06/01/1996,08/31/1996,01/08/2016
1998FA,1998FA,Fall Term 1997-1998,1998FA-Fall Term 1997-1998,09/02/1997,12/19/1997,1998,Academic Year 1997-1998,N,P,1998,1998,12/19/1997,05/01/1997,09/02/1997,09/03/1997,12/10/1997,09/01/1997,01/15/1998,01/08/2016
1999FA,1999FA,Fall Term 1998-1999,1999FA-Fall Term 1998-1999,09/08/1998,12/18/1998,1999,Academic Year 1998-1999,N,P,1999,1999,12/18/1998,09/09/1998,09/08/1998,09/09/1998,12/10/1998,09/01/1998,01/15/1999,01/08/2016
2000FA,2000FA,Fall Term 1999-2000,2000FA-Fall Term 1999-2000,09/07/1999,12/17/1999,2000,Academic Year 1999-2000,N,P,2000,2000,12/17/1999,05/01/1999,09/07/1999,09/08/1999,12/09/1999,09/01/1999,01/15/2000,01/08/2016
2001FA,2001FA,Fall Term 2000-2001,2001FA-Fall Term 2000-2001,09/05/2000,12/22/2000,2001,Academic Year 2000-2001,N,P,2001,2001,12/22/2000,05/01/2000,09/05/2000,09/06/2000,12/13/2000,09/01/2000,01/15/2001,01/08/2016
2002FA,2002FA,Fall Term 2001-2002,2002FA-Fall Term 2001-2002,09/04/2001,01/06/2002,2002,Academic Year 2001-2002,N,P,2002,2002,12/21/2001,05/01/2002,09/04/2001,09/05/2001,12/12/2001,09/01/2001,01/15/2002,01/08/2016
2004FA,2004FA,Fall Term 2003-2004,2004FA-Fall Term 2003-2004,09/02/2003,12/19/2003,2004,Academic Year 2003-2004,N,P,2004,2004,12/19/2003,05/01/2003,09/02/2003,09/03/2003,12/10/2003,09/01/2003,01/15/2004,01/08/2016
2005FA,2005FA,Fall Term 2004-2005,2005FA-Fall Term 2004-2005,09/07/2004,12/17/2004,2005,Academic Year 2004-2005,N,P,2005,2005,12/17/2004,05/03/2004,09/07/2004,09/08/2004,12/09/2004,09/01/2004,01/15/2005,01/08/2016
1997JA,1997JA,January Term 1996-1997,1997JA-January Term 1996-1997,01/06/1997,01/31/1997,1997,Academic Year 1996-1997,N,P,"","",01/31/1997,12/23/1996,01/06/1997,"","","","",01/08/2016
1999JA,1999JA,January Term 1998-1999,1999JA-January Term 1998-1999,01/04/1999,01/29/1999,1999,Academic Year 1998-1999,N,P,"","",01/29/1999,11/30/1998,01/04/1999,01/04/1999,01/29/1999,"","",01/08/2016
2000JA,2000JA,January Term 1999-2000,2000JA-January Term 1999-2000,01/03/2000,01/28/2000,2000,Academic Year 1999-2000,N,P,"","",01/29/2000,11/30/1999,01/04/2000,01/04/2000,01/28/2000,"","",01/08/2016
2001JA,2001JA,January Term 2000-2001,2001JA-January Term 2000-2001,01/08/2001,02/02/2001,2001,Academic Year 2000-2001,N,P,"","",02/02/2001,11/30/2000,01/08/2001,01/08/2001,02/02/2001,"","",01/08/2016
2002JA,2002JA,January Term 2001-2002,2002JA-January Term 2001-2002,01/07/2002,02/03/2002,2002,Academic Year 2001-2002,N,P,"","",02/01/2002,11/29/2001,01/03/2002,01/07/2002,02/01/2002,"","",01/08/2016
2003JA,2003JA,January Term 2002-2003,2003JA-January Term 2002-2003,01/06/2003,02/02/2003,2003,Academic Year 2002-2003,N,P,"","",01/31/2003,11/29/2002,01/06/2003,01/06/2003,01/31/2003,"","",01/08/2016
2004JA,2004JA,January Term 2003-2004,2004JA-January Term 2003-2004,01/05/2004,01/30/2004,2004,Academic Year 2003-2004,N,P,"","",01/30/2004,11/29/2003,01/05/2004,01/05/2004,01/30/2004,"","",01/08/2016
1995SP,1995SP,Spring Term 1994-1995,1995SP-Spring Term 1994-1995,02/06/1995,05/26/1995,1995,Academic Year 1994-1995,N,P,1995,1995,05/26/1995,"",02/06/1995,02/07/1995,05/18/1995,01/16/1995,05/31/1995,01/08/2016
1995SU,1995SU,Summer Term 1995,1995SU-Summer Term 1995,06/12/1995,08/22/1995,1995,Academic Year 1994-1995,N,P,1996,1996,08/22/1995,"",06/12/1995,06/12/1995,08/22/1995,06/01/1995,08/31/1995,01/08/2016
1960FA,1960FA,Fall Term 1959-1960,1960FA-Fall Term 1959-1960,09/21/1959,01/29/1960,1960,Academic Year 1959-1960,N,P,1960,1960,01/29/1960,"",09/21/1959,"","","","",01/08/2016
1963FA,1963FA,Fall Term 1962-1963,1963FA-Fall Term 1962-1963,09/17/1962,01/25/1963,1963,Academic Year 1962-1963,N,P,1963,1963,01/25/1963,"",09/17/1962,"","","","",01/08/2016
1964SU,1964SU,Summer Term 1964,1964SU-Summer Term 1964,06/22/1964,09/03/1964,1964,Academic Year 1963-1964,N,P,1965,1965,09/03/1964,"",06/22/1964,"","","","",01/08/2016
1995JA,1995JA,January Term 1994-1995,1995JA-January Term 1994-1995,01/09/1995,02/03/1995,1995,Academic Year 1994-1995,N,P,"","",02/03/1995,"",01/09/1995,01/09/1995,02/03/1995,"","",01/08/2016
1974SU,1974SU,Summer Term 1974,1974SU-Summer Term 1974,06/10/1974,08/21/1974,1974,Academic Year 1973-1974,N,P,1975,1975,08/21/1974,"",06/10/1974,"","","","",01/08/2016
1973FA,1973FA,Fall Term 1972-1973,1973FA-Fall Term 1972-1973,09/11/1972,12/21/1972,1973,Academic Year 1972-1973,N,P,1973,1973,12/21/1972,"",09/11/1972,"","","","",01/08/2016
1973JA,1973JA,January Term 1972-1973,1973JA-January Term 1972-1973,01/08/1973,01/31/1973,1973,Academic Year 1972-1973,N,P,"","",01/31/1973,"",01/08/1973,"","","","",01/08/2016
1972JA,1972JA,January Term 1971-1972,1972JA-January Term 1971-1972,01/05/1972,01/28/1972,1972,Academic Year 1971-1972,N,P,"","",01/28/1972,"",01/05/1972,"","","","",01/08/2016
1972SP,1972SP,Spring Term 1971-1972,1972SP-Spring Term 1971-1972,02/02/1972,05/26/1972,1972,Academic Year 1971-1972,N,P,1972,1972,05/26/1972,"",02/02/1972,"","","","",01/08/2016
1972SU,1972SU,Summer Term 1972,1972SU-Summer Term 1972,06/12/1972,08/24/1972,1972,Academic Year 1971-1972,N,P,1973,1973,08/24/1972,"",06/12/1972,"","","","",01/08/2016
1971FA,1971FA,Fall Term 1970-1971,1971FA-Fall Term 1970-1971,09/14/1970,12/23/1970,1971,Academic Year 1970-1971,N,P,1971,1971,12/23/1970,"",09/14/1970,"","","","",01/08/2016
1971JA,1971JA,January Term 1970-1971,1971JA-January Term 1970-1971,01/06/1971,01/29/1971,1971,Academic Year 1970-1971,N,P,"","",01/29/1971,"",01/06/1971,"","","","",01/08/2016
1971SP,1971SP,Spring Term 1970-1971,1971SP-Spring Term 1970-1971,02/03/1971,05/28/1971,1971,Academic Year 1970-1971,N,P,1971,1971,05/28/1971,"",02/03/1971,"","","","",01/08/2016
1970FA,1970FA,Fall Term 1969-1970,1970FA-Fall Term 1969-1970,09/23/1969,01/30/1970,1970,Academic Year 1969-1970,N,P,1970,1970,01/30/1970,"",09/23/1969,"","","","",01/08/2016
1970SP,1970SP,Spring Term 1969-1970,1970SP-Spring Term 1969-1970,02/09/1970,06/05/1970,1970,Academic Year 1969-1970,N,P,1970,1970,06/05/1970,"",02/09/1970,"","","","",01/08/2016
1970SU,1970SU,Summer Term 1970,1970SU-Summer Term 1970,06/22/1970,09/03/1970,1970,Academic Year 1969-1970,N,P,1971,1971,09/03/1970,"",06/22/1970,"","","","",01/08/2016
1969SP,1969SP,Spring Term 1968-1969,1969SP-Spring Term 1968-1969,02/10/1969,06/06/1969,1969,Academic Year 1968-1969,N,P,1969,1969,06/06/1969,"",02/10/1969,"","","","",01/08/2016
1968FA,1968FA,Fall Term 1967-1968,1968FA-Fall Term 1967-1968,09/18/1967,01/26/1968,1968,Academic Year 1967-1968,N,P,1968,1968,01/26/1968,"",09/18/1967,"","","","",01/08/2016
1968SP,1968SP,Spring Term 1967-1968,1968SP-Spring Term 1967-1968,02/05/1968,05/31/1968,1968,Academic Year 1967-1968,N,P,1968,1968,05/31/1968,"",02/05/1968,"","","","",01/08/2016
1968SU,1968SU,Summer 1968,1968SU-Summer 1968,06/17/1968,08/29/1968,1968,Academic Year 1967-1968,N,P,1969,1969,08/29/1968,"",06/17/1968,"","","","",01/08/2016
1967FA,1967FA,Fall Term 1966-1967,1967FA-Fall Term 1966-1967,09/19/1966,01/27/1967,1967,Academic Year 1966-1967,N,P,1967,1967,01/27/1967,"",09/19/1966,"","","","",01/08/2016
1967SP,1967SP,Spring Term 1966-1967,1967SP-Spring Term 1966-1967,02/06/1967,06/02/1967,1967,Academic Year 1966-1967,N,P,1967,1967,06/02/1967,"",02/06/1967,"","","","",01/08/2016
1967SU,1967SU,Summer Term 1967,1967SU-Summer Term 1967,06/19/1967,08/31/1967,1967,Academic Year 1966-1967,N,P,1968,1968,08/31/1967,"",06/19/1967,"","","","",01/08/2016
1966FA,1966FA,Fall Term 1965-1966,1966FA-Fall Term 1965-1966,09/20/1965,01/28/1966,1966,Academic Year 1965-1966,N,P,1966,1966,01/28/1966,"",09/20/1965,"","","","",01/08/2016
1966SP,1966SP,Spring Term 1965-1966,1966SP-Spring Term 1965-1966,02/07/1966,06/03/1966,1966,Academic Year 1965-1966,N,P,1966,1966,06/03/1966,"",02/07/1966,"","","","",01/08/2016
1966SU,1966SU,Summer Term 1966,1966SU-Summer Term 1966,06/20/1966,09/01/1966,1966,Academic Year 1965-1966,N,P,1967,1967,09/01/1966,"",06/20/1966,"","","","",01/08/2016
1965SP,1965SP,Spring Term 1964-1965,1965SP-Spring Term 1964-1965,02/08/1965,06/04/1965,1965,Academic Year 1964-1965,N,P,1965,1965,06/04/1965,"",02/08/1965,"","","","",01/08/2016
1965SU,1965SU,Summer Term 1965,1965SU-Summer Term 1965,06/21/1965,09/02/1965,1965,Academic Year 1964-1965,N,P,1966,1966,09/02/1965,"",06/21/1965,"","","","",01/08/2016
1964FA,1964FA,Fall Term 1963-1964,1964FA-Fall Term 1963-1964,09/23/1963,01/31/1964,1964,Academic Year 1963-1964,N,P,1964,1964,01/31/1964,"",09/23/1963,"","","","",01/08/2016
1964SP,1964SP,Spring Term 1963-1964,1964SP-Spring Term 1963-1964,02/10/1964,06/05/1964,1964,Academic Year 1963-1964,N,P,1964,1964,06/05/1964,"",02/10/1964,"","","","",01/08/2016
1974JA,1974JA,January Term 1973-1974,1974JA-January Term 1973-1974,01/07/1974,01/30/1974,1974,Academic Year 1973-1974,N,P,"","",01/30/1974,"",01/07/1974,"","","","",01/08/2016
1974SP,1974SP,Spring Term 1973-1974,1974SP-Spring Term 1973-1974,02/04/1974,05/23/1974,1974,Academic Year 1973-1974,N,P,1974,1974,05/23/1974,"",02/04/1974,"","","","",01/08/2016
1982FA,1982FA,Fall Term 1981-1982,1982FA-Fall Term 1981-1982,09/09/1981,12/18/1981,1982,Academic Year 1981-1982,N,P,1982,1982,12/18/1981,"",09/09/1981,"","",09/01/1981,01/15/1982,01/08/2016
1982SP,1982SP,Spring Term 1981-1982,1982SP-Spring Term 1981-1982,02/01/1982,05/20/1982,1982,Academic Year 1981-1982,N,P,1982,1982,05/20/1982,"",02/01/1982,"","",01/16/1982,05/31/1982,01/08/2016
1982SU,1982SU,Summer Term 1982,1982SU-Summer Term 1982,06/07/1982,08/18/1982,1982,Academic Year 1981-1982,N,P,1983,1983,08/18/1982,"",06/07/1982,"","",06/01/1982,08/31/1982,01/08/2016
1981FA,1981FA,Fall Term 1980-1981,1981FA-Fall Term 1980-1981,09/08/1980,12/18/1980,1981,Academic Year 1980-1981,N,P,1981,1981,12/18/1980,"",09/08/1980,"","",09/01/1980,01/15/1981,01/08/2016
1981JA,1981JA,January Term 1980-1981,1981JA-January Term 1980-1981,01/05/1981,01/28/1981,1981,Academic Year 1980-1981,N,P,"","",01/28/1981,"",01/05/1981,"","","","",01/08/2016
1981SP,1981SP,Spring Term 1980-1981,1981SP-Spring Term 1980-1981,02/02/1981,05/21/1981,1981,Academic Year 1980-1981,N,P,1981,1981,05/21/1981,"",02/02/1981,"","",01/16/1981,05/31/1981,01/08/2016
1981SU,1981SU,Summer Term 1981,1981SU-Summer Term 1981,06/08/1981,08/19/1981,1981,Academic Year 1980-1981,N,P,1982,1982,08/19/1981,"",06/08/1981,"","",06/01/1981,08/31/1981,01/08/2016
1980JA,1980JA,January Term 1979-1980,1980JA-January Term 1979-1980,01/07/1980,01/30/1980,1980,Academic Year 1979-1980,N,P,"","",01/30/1980,"",01/07/1980,"","","","",01/08/2016
1980SU,1980SU,Summer Term 1980,1980SU-Summer Term 1980,06/09/1980,08/20/1980,1980,Academic Year 1979-1980,N,P,1981,1981,08/20/1980,"",06/09/1980,"","",06/01/1980,08/31/1980,01/08/2016
1979JA,1979JA,January Term 1978-1979,1979JA-January Term 1978-1979,01/08/1979,01/31/1979,1979,Academic Year 1978-1979,N,P,"","",01/31/1979,"",01/08/1979,"","","","",01/08/2016
1979SP,1979SP,Spring Term 1978-1979,1979SP-Spring Term 1978-1979,02/05/1979,05/24/1979,1979,Academic Year 1978-1979,N,P,1979,1979,05/24/1979,"",02/05/1979,"","",01/16/1979,05/31/1979,01/08/2016
1979SU,1979SU,Summer Term 1979,1979SU-Summer Term 1979,06/11/1979,08/22/1979,1979,Academic Year 1978-1979,N,P,1980,1980,08/22/1979,"",06/11/1979,"","",06/01/1979,08/31/1979,01/08/2016
1978JA,1978JA,January Term 1977-1978,1978JA-January Term 1977-1978,01/09/1978,02/01/1978,1978,Academic Year 1977-1978,N,P,"","",02/01/1978,"",01/09/1978,"","","","",01/08/2016
1978SP,1978SP,Spring Term 1977-1978,1978SP-Spring Term 1977-1978,02/06/1978,05/25/1978,1978,Academic Year 1977-1978,N,P,1978,1978,05/25/1978,"",02/06/1978,"","",01/16/1978,05/31/1978,01/08/2016
1978SU,1978SU,Summer Term 1978,1978SU-Summer Term 1978,06/12/1978,08/23/1978,1978,Academic Year 1977-1978,N,P,1979,1979,08/23/1978,"",06/12/1978,"","",06/01/1978,08/31/1978,01/08/2016
1977FA,1977FA,Fall Term 1976-1977,1977FA-Fall Term 1976-1977,09/13/1976,12/22/1976,1977,Academic Year 1976-1977,N,P,1977,1977,12/22/1976,"",09/13/1976,"","","","",01/08/2016
1977JA,1977JA,January Term 1976-1977,1977JA-January Term 1976-1977,01/05/1977,01/28/1977,1977,Academic Year 1976-1977,N,P,"","",01/28/1977,"",01/05/1977,"","","","",01/08/2016
1977SP,1977SP,Spring Term 1976-1977,1977SP-Spring Term 1976-1977,02/02/1977,05/25/1977,1977,Academic Year 1976-1977,N,P,1977,1977,05/25/1977,"",02/02/1977,"","","","",01/08/2016
1976FA,1976FA,Fall Term 1975-1976,1976FA-Fall Term 1975-1976,09/08/1975,12/18/1975,1976,Academic Year 1975-1976,N,P,1976,1976,12/18/1975,"",09/08/1975,"","","","",01/08/2016
1976JA,1976JA,January Term 1975-1976,1976JA-January Term 1975-1976,01/05/1976,01/28/1976,1976,Academic Year 1975-1976,N,P,"","",01/28/1976,"",01/05/1976,"","","","",01/08/2016
1976SP,1976SP,Spring Term 1975-1976,1976SP-Spring Term 1975-1976,02/02/1976,05/20/1976,1976,Academic Year 1975-1976,N,P,1976,1976,05/20/1976,"",02/02/1976,"","","","",01/08/2016
1976SU,1976SU,Summer Term 1976,1976SU-Summer Term 1976,06/07/1976,08/18/1976,1976,Academic Year 1975-1976,N,P,1977,1977,08/18/1976,"",06/07/1976,"","","","",01/08/2016
1975FA,1975FA,Fall Term 1974-1975,1975FA-Fall Term 1974-1975,09/09/1974,12/19/1974,1975,Academic Year 1974-1975,N,P,1975,1975,12/19/1974,"",09/09/1974,"","","","",01/08/2016
1975SU,1975SU,Summer Term 1975,1975SU-Summer Term 1975,06/09/1975,08/20/1975,1975,Academic Year 1974-1975,N,P,1976,1976,08/20/1975,"",06/09/1975,"","","","",01/08/2016
1974FA,1974FA,Fall Term 1973-1974,1974FA-Fall Term 1973-1974,09/10/1973,12/20/1973,1974,Academic Year 1973-1974,N,P,1974,1974,12/20/1973,"",09/10/1973,"","","","",01/08/2016
1991FA,1991FA,Fall Term 1990-1991,1991FA-Fall Term 1990-1991,09/10/1990,12/21/1990,1991,Academic Year 1990-1991,N,P,1991,1991,12/21/1990,"",09/10/1990,"","",09/01/1990,01/15/1991,01/08/2016
1992JA,1992JA,January Term 1991-1992,1992JA-January Term 1991-1992,01/06/1992,01/29/1992,1992,Academic Year 1991-1992,N,P,"","",01/29/1992,"",01/06/1992,01/06/1992,01/29/1992,"","",01/08/2016
1992SP,1992SP,Spring Term 1991-1992,1992SP-Spring Term 1991-1992,01/30/1992,05/20/1992,1992,Academic Year 1991-1992,N,P,1992,1992,05/20/1992,"",01/30/1992,01/31/1992,05/11/1992,01/16/1992,05/31/1992,01/08/2016
1992SU,1992SU,Summer Term 1992,1992SU-Summer Term 1992,06/08/1992,08/19/1992,1992,Academic Year 1991-1992,N,P,1993,1993,08/19/1992,"",06/08/1992,06/08/1992,08/14/1992,06/01/1992,08/31/1992,01/08/2016
1993JA,1993JA,January Term 1992-1993,1993JA-January Term 1992-1993,01/04/1993,01/27/1993,1993,Academic Year 1992-1993,N,P,"","",01/27/1993,"",01/04/1993,01/04/1993,01/27/1993,"","",01/08/2016
1993SP,1993SP,Spring Term 1992-1993,1993SP-Spring Term 1992-1993,01/28/1993,05/19/1993,1993,Academic Year 1992-1993,N,P,1993,1993,05/19/1993,"",01/28/1993,01/29/1993,05/10/1993,01/16/1993,05/31/1993,01/08/2016
1993SU,1993SU,Summer Term 1993,1993SU-Summer Term 1993,06/07/1993,08/18/1993,1993,Academic Year 1992-1993,N,P,1994,1994,08/18/1993,"",06/07/1993,06/07/1993,08/13/1993,06/01/1993,08/31/1993,01/08/2016
1994FA,1994FA,Fall Term 1993-1994,1994FA-Fall Term 1993-1994,09/08/1993,12/17/1993,1994,Academic Year 1993-1994,N,P,1994,1994,12/17/1993,"",09/08/1993,09/09/1993,12/09/1993,09/01/1993,01/15/1994,01/08/2016
1994JA,1994JA,January Term 1993-1994,1994JA-January Term 1993-1994,01/03/1994,01/26/1994,1994,Academic Year 1993-1994,N,P,"","",01/26/1994,"",01/03/1994,01/03/1994,01/26/1994,"","",01/08/2016
1994SP,1994SP,Spring Term 1993-1994,1994SP-Spring Term 1993-1994,01/27/1994,05/18/1994,1994,Academic Year 1993-1994,N,P,1994,1994,05/18/1994,"",01/27/1994,01/28/1994,05/09/1994,01/16/1994,05/31/1994,01/08/2016
1994SU,1994SU,Summer Term 1994,1994SU-Summer Term 1994,06/06/1994,08/16/1994,1994,Academic Year 1993-1994,N,P,1995,1995,08/17/1994,"",06/06/1994,06/06/1994,08/12/1994,06/01/1994,08/31/1994,01/08/2016
1983SU,1983SU,Summer Term 1983,1983SU-Summer Term 1983,06/06/1983,08/17/1983,1983,Academic Year 1982-1983,N,P,1984,1984,08/17/1983,"",06/06/1983,"","",06/01/1983,08/31/1983,01/08/2016
1991JA,1991JA,January Term 1990-1991,1991JA-January Term 1990-1991,01/07/1991,01/30/1991,1991,Academic Year 1990-1991,N,P,"","",01/30/1991,"",01/07/1991,"","","","",01/08/2016
1991SP,1991SP,Spring Term 1990-1991,1991SP-Spring Term 1990-1991,01/31/1991,05/22/1991,1991,Academic Year 1990-1991,N,P,1991,1991,05/22/1991,"",01/31/1991,"","",01/16/1991,05/31/1991,01/08/2016
1991SU,1991SU,Summer Term 1991,1991SU-Summer Term 1991,06/10/1991,08/21/1991,1991,Academic Year 1990-1991,N,P,1992,1992,08/21/1991,"",06/10/1991,"","",06/01/1991,08/31/1991,01/08/2016
1990JA,1990JA,January Term 1989-1990,1990JA-January Term 1989-1990,01/08/1990,01/31/1990,1990,Academic Year 1989-1990,N,P,"","",01/31/1990,"",01/08/1990,"","","","",01/08/2016
1990SP,1990SP,Spring Term 1989-1990,1990SP-Spring Term 1989-1990,02/05/1990,05/24/1990,1990,Academic Year 1989-1990,N,P,1990,1990,05/24/1990,"",02/05/1990,"","",01/16/1990,05/31/1990,01/08/2016
1990SU,1990SU,Summer Term 1990,1990SU-Summer Term 1990,06/11/1990,08/22/1990,1990,Academic Year 1989-1990,N,P,1991,1991,08/22/1990,"",06/11/1990,"","",06/01/1990,08/31/1990,01/08/2016
1989FA,1989FA,Fall Term 1988-1989,1989FA-Fall Term 1988-1989,09/12/1988,12/22/1988,1989,Academic Year 1988-1989,N,P,1989,1989,12/22/1988,"",09/12/1988,"","",09/01/1988,01/15/1989,01/08/2016
1989JA,1989JA,January Term 1988-1989,1989JA-January Term 1988-1989,01/09/1989,02/01/1989,1989,Academic Year 1988-1989,N,P,"","",02/01/1989,"",01/09/1989,"","","","",01/08/2016
1989SU,1989SU,Summer Term 1989,1989SU-Summer Term 1989,06/12/1989,08/23/1989,1989,Academic Year 1988-1989,N,P,1990,1990,08/23/1989,"",06/12/1989,"","",06/01/1989,08/31/1989,01/08/2016
1988FA,1988FA,Fall Term 1987-1988,1988FA-Fall Term 1987-1988,09/09/1987,12/18/1987,1988,Academic Year 1987-1988,N,P,1988,1988,12/18/1987,"",09/09/1987,"","",09/01/1987,01/15/1988,01/08/2016
1988JA,1988JA,January Term 1987-1988,1988JA-January Term 1987-1988,01/04/1988,01/27/1988,1988,Academic Year 1987-1988,N,P,"","",01/27/1988,"",01/04/1988,"","","","",01/08/2016
1988SP,1988SP,Spring Term 1987-1988,1988SP-Spring Term 1987-1988,02/01/1988,05/18/1988,1988,Academic Year 1987-1988,N,P,1988,1988,05/18/1988,"",02/01/1988,"","",01/16/1988,05/31/1988,01/08/2016
1988SU,1988SU,Summer Term 1988,1988SU-Summer Term 1988,06/06/1988,08/17/1988,1988,Academic Year 1987-1988,N,P,1989,1989,08/17/1988,"",06/06/1988,"","",06/01/1988,08/31/1988,01/08/2016
1987FA,1987FA,Fall Term 1986-1987,1987FA-Fall Term 1986-1987,09/08/1986,12/19/1986,1987,Academic Year 1986-1987,N,P,1987,1987,12/19/1986,"",09/08/1986,"","",09/01/1986,01/15/1987,01/08/2016
1987JA,1987JA,January Term 1986-1987,1987JA-January Term 1986-1987,01/05/1987,01/28/1987,1987,Academic Year 1986-1987,N,P,"","",01/28/1987,"",01/05/1987,"","","","",01/08/2016
1987SP,1987SP,Spring Term 1986-1987,1987SP-Spring Term 1986-1987,02/02/1987,05/20/1987,1987,Academic Year 1986-1987,N,P,1987,1987,05/20/1987,"",02/02/1987,"","",01/16/1987,05/31/1987,01/08/2016
1987SU,1987SU,Summer Term 1987,1987SU-Summer Term 1987,06/08/1987,08/19/1987,1987,Academic Year 1986-1987,N,P,1988,1988,08/19/1987,"",06/08/1987,"","",06/01/1987,08/31/1987,01/08/2016
1986JA,1986JA,January Term 1985-1986,1986JA-January Term 1985-1986,01/06/1986,01/29/1986,1986,Academic Year 1985-1986,N,P,"","",01/29/1986,"",01/06/1986,"","","","",01/08/2016
1986SP,1986SP,Spring Term 1985-1986,1986SP-Spring Term 1985-1986,02/03/1986,05/21/1986,1986,Academic Year 1985-1986,N,P,1986,1986,05/21/1986,"",02/03/1986,"","",01/16/1986,05/31/1986,01/08/2016
1986SU,1986SU,Summer Term 1986,1986SU-Summer Term 1986,06/09/1986,08/20/1986,1986,Academic Year 1985-1986,N,P,1987,1987,08/20/1986,"",06/09/1986,"","",06/01/1986,08/31/1986,01/08/2016
1985FA,1985FA,Fall Term 1984-1985,1985FA-Fall Term 1984-1985,09/10/1984,12/21/1984,1985,Academic Year 1984-1985,N,P,1985,1985,12/21/1984,"",09/10/1984,"","",09/01/1984,01/15/1985,01/08/2016
1985JA,1985JA,January Term 1984-1985,1985JA-January Term 1984-1985,01/07/1985,01/30/1985,1985,Academic Year 1984-1985,N,P,"","",01/30/1985,"",01/07/1985,"","","","",01/08/2016
1985SP,1985SP,Spring Term 1984-1985,1985SP-Spring Term 1984-1985,02/04/1985,05/22/1985,1985,Academic Year 1984-1985,N,P,1985,1985,05/22/1985,"",02/04/1985,"","",01/16/1985,05/31/1985,01/08/2016
1985SU,1985SU,Summer Term 1985,1985SU-Summer Term 1985,06/10/1985,08/21/1985,1985,Academic Year 1984-1985,N,P,1986,1986,08/21/1985,"",06/10/1985,"","",06/01/1985,08/31/1985,01/08/2016
1984SP,1984SP,Spring Term 1983-1984,1984SP-Spring Term 1983-1984,02/06/1984,05/23/1984,1984,Academic Year 1983-1984,N,P,1984,1984,05/23/1984,"",02/06/1984,"","",01/16/1984,05/31/1984,01/08/2016
1984SU,1984SU,Summer Term 1984,1984SU-Summer Term 1984,06/11/1984,08/22/1984,1984,Academic Year 1983-1984,N,P,1985,1985,08/22/1984,"",06/11/1984,"","",06/01/1984,08/31/1984,01/08/2016
1983FA,1983FA,Fall Term 1982-1983,1983FA-Fall Term 1982-1983,09/08/1982,12/17/1982,1983,Academic Year 1982-1983,N,P,1983,1983,12/17/1982,"",09/08/1982,"","",09/01/1982,01/15/1983,01/08/2016
1983JA,1983JA,January Term 1982-1983,1983JA-January Term 1982-1983,01/03/1983,01/26/1983,1983,Academic Year 1982-1983,N,P,"","",01/26/1983,"",01/03/1983,"","","","",01/08/2016
2005JA,2005JA,January Term 2004-2005,2005JA-January Term 2004-2005,01/03/2005,01/28/2005,2005,Academic Year 2004-2005,N,P,"","",01/28/2005,12/01/2004,01/03/2005,01/03/2005,01/28/2005,"","",01/08/2016
1998SP,1998SP,Spring Term 1997-1998,1998SP-Spring Term 1997-1998,02/02/1998,05/22/1998,1998,Academic Year 1997-1998,N,P,1998,1998,05/22/1998,11/21/1997,02/02/1998,02/03/1998,05/14/1998,01/16/1998,05/31/1998,01/08/2016
1999SP,1999SP,Spring Term 1998-1999,1999SP-Spring Term 1998-1999,02/02/1999,05/21/1999,1999,Academic Year 1998-1999,N,P,1999,1999,05/21/1999,11/30/1998,02/01/1999,02/02/1999,05/13/1999,01/16/1999,05/31/1999,01/08/2016
2000SP,2000SP,Spring Term 1999-2000,2000SP-Spring Term 1999-2000,01/31/2000,05/19/2000,2000,Academic Year 1999-2000,N,P,2000,2000,05/19/2000,11/30/1999,01/31/2000,02/01/2000,05/11/2000,01/16/2000,05/31/2000,01/08/2016
2001SP,2001SP,Spring Term 2000-2001,2001SP-Spring Term 2000-2001,02/06/2001,05/25/2001,2001,Academic Year 2000-2001,N,P,2001,2001,05/25/2001,11/30/2000,02/05/2001,02/06/2001,05/17/2001,01/16/2001,05/31/2001,01/08/2016
2002SP,2002SP,Spring Term 2001-2002,2002SP-Spring Term 2001-2002,02/04/2002,05/24/2002,2002,Academic Year 2001-2002,N,P,2002,2002,05/24/2002,11/29/2001,02/04/2002,02/05/2002,05/16/2002,01/16/2002,05/31/2002,01/08/2016
2003SP,2003SP,Spring Term 2002-2003,2003SP-Spring Term 2002-2003,02/03/2003,05/23/2003,2003,Academic Year 2002-2003,N,P,2003,2003,05/23/2003,11/29/2002,02/03/2003,02/04/2003,05/15/2003,01/16/2003,05/31/2003,01/08/2016
2004SP,2004SP,Spring Term 2003-2004,2004SP-Spring Term 2003-2004,02/02/2004,05/21/2004,2004,Academic Year 2003-2004,N,P,2004,2004,05/21/2004,11/29/2003,02/02/2004,02/03/2004,05/13/2004,01/16/2004,05/31/2004,01/08/2016
2005SP,2005SP,Spring Term 2004-2005,2005SP-Spring Term 2004-2005,01/31/2005,05/20/2005,2005,Academic Year 2004-2005,N,P,2005,2005,05/20/2005,12/01/2004,01/31/2005,02/01/2005,05/12/2005,01/16/2005,05/31/2005,01/08/2016
1998SU,1998SU,Summer Term 1998,1998SU-Summer Term 1998,06/08/1998,08/18/1998,1998,Academic Year 1997-1998,N,P,1999,1999,08/18/1998,06/09/1998,06/08/1998,06/08/1998,08/18/1998,06/01/1998,08/31/1998,01/08/2016
2001SU,2001SU,Summer Term 2001,2001SU-Summer Term 2001,06/11/2001,08/21/2001,2001,Academic Year 2000-2001,N,P,2002,2002,08/21/2001,05/01/2000,06/11/2001,06/11/2001,08/21/2001,06/01/2001,08/31/2001,01/08/2016
2002SU,2002SU,Summer Term 2002,2002SU-Summer Term 2002,06/10/2002,08/20/2002,2002,Academic Year 2001-2002,N,P,2003,2003,08/20/2002,05/01/2002,06/10/2002,06/10/2002,08/20/2002,06/01/2002,08/31/2002,01/08/2016
2003SU,2003SU,Summer Term 2003,2003SU-Summer Term 2003,06/09/2003,08/19/2003,2003,Academic Year 2002-2003,N,P,2004,2004,08/19/2003,05/01/2003,06/10/2003,06/09/2003,08/19/2003,06/01/2003,08/31/2003,01/08/2016
2004SU,2004SU,Summer Term 2004,2004SU-Summer Term 2004,06/07/2004,08/17/2004,2004,Academic Year 2003-2004,N,P,2005,2005,08/17/2004,05/03/2004,06/07/2004,06/07/2004,08/17/2004,06/01/2004,08/31/2004,01/08/2016
2005SU,2005SU,Summer Term 2005,2005SU-Summer Term 2005,06/06/2005,08/16/2005,2005,Academic Year 2004-2005,N,P,2006,2006,08/16/2005,05/02/2005,06/06/2005,06/06/2005,08/16/2005,06/01/2005,08/31/2005,01/08/2016
1958FA,1958FA,Fall Term 1957-1958,1958FA-Fall Term 1957-1958,09/19/1957,01/31/1958,1958,Academic Year 1957-1958,N,P,XXXX,XXXX,01/25/1958,"",09/17/1957,"","","","",01/08/2016
1958SP,1958SP,Spring Term 1957-1958,1958SP-Spring Term 1957-1958,02/10/1958,06/06/1958,1958,Academic Year 1957-1958,N,P,XXXX,XXXX,05/29/1958,"",02/04/1958,"","","","",01/08/2016
1959SP,1959SP,Spring Term 1958-1959,1959SP-Spring Term 1958-1959,02/09/1959,06/05/1959,1959,Academic Year 1958-1959,N,P,XXXX,XXXX,05/29/1959,"",02/04/1959,"","","","",01/08/2016
1958SU,1958SU,Summer Term 1958,1958SU-Summer Term 1958,06/07/1958,08/27/1958,1958,Academic Year 1957-1958,N,P,1960,1960,08/20/1958,"",06/10/1958,"","","","",01/08/2016
1959SU,1959SU,Summer Term 1959,1959SU-Summer Term 1959,06/06/1959,08/26/1959,1959,Academic Year 1958-1959,N,P,1960,1960,08/20/1959,"",06/10/1959,"","","","",01/08/2016
2006FA,2006FA,Fall Term 2005-2006,2006FA-Fall Term 2005-2006,09/06/2005,12/22/2005,2006,Academic Year 2005-2006,N,P,2006,2006,12/22/2005,05/02/2005,09/06/2005,09/07/2005,12/14/2005,09/01/2005,01/15/2006,01/08/2016
2006JA,2006JA,January Term 2005-2006,2006JA-January Term 2005-2006,01/09/2006,02/03/2006,2006,Academic Year 2005-2006,N,P,"","",02/03/2006,12/01/2005,01/09/2006,01/09/2006,02/03/2006,"","",01/08/2016
2007FA,2007FA,Fall Term 2006-2007,2007FA-Fall Term 2006-2007,09/05/2006,12/22/2006,2007,Academic Year 2006-2007,N,P,2007,2007,12/22/2006,05/01/2006,09/05/2006,09/06/2006,12/13/2006,09/01/2006,01/15/2007,01/08/2016
2007JA,2007JA,January Term 2006-2007,2007JA-January Term 2006-2007,01/08/2007,02/04/2007,2007,Academic Year 2006-2007,N,P,"","",02/02/2007,12/01/2006,01/08/2007,01/08/2007,02/02/2007,"","",01/08/2016
2007SP,2007SP,Spring Term 2006-2007,2007SP-Spring Term 2006-2007,02/05/2007,05/25/2007,2007,Academic Year 2006-2007,N,P,2007,2007,05/25/2007,12/01/2006,02/05/2007,02/06/2007,05/17/2007,01/16/2007,05/31/2007,01/08/2016
2006SU,2006SU,Summer Term 2006,2006SU-Summer Term 2006,06/12/2006,08/22/2006,2006,Academic Year 2005-2006,N,P,2007,2007,08/22/2006,05/01/2006,06/12/2006,06/12/2006,08/22/2006,06/01/2006,08/31/2006,01/08/2016
2008FA,2008FA,Fall Term 2007-2008,2008FA-Fall Term 2007-2008,09/04/2007,12/21/2007,2008,Academic Year 2007-2008,N,P,2008,2008,12/21/2007,05/01/2007,09/04/2007,09/05/2007,12/12/2007,09/01/2007,01/15/2008,01/08/2016
2007SU,2007SU,Summer Term 2007,2007SU-Summer Term 2007,06/11/2007,08/21/2007,2007,Academic Year 2006-2007,N,P,2008,2008,08/21/2007,05/01/2007,06/11/2007,06/11/2007,08/21/2007,06/01/2007,08/31/2007,01/08/2016
2008JA,2008JA,January Term 2007-2008,2008JA-January Term 2007-2008,01/07/2008,02/03/2008,2008,Academic Year 2007-2008,N,P,"","",02/01/2008,12/03/2007,01/07/2008,01/07/2008,02/01/2008,"","",01/08/2016
2008SP,2008SP,Spring Term 2007-2008,2008SP-Spring Term 2007-2008,02/04/2008,05/23/2008,2008,Academic Year 2007-2008,N,P,2008,2008,05/23/2008,12/03/2007,02/04/2008,02/05/2008,05/15/2008,01/16/2008,05/31/2008,01/08/2016
2009JA,2009JA,January Term 2008-2009,2009JA-January Term 2008-2009,01/05/2009,02/01/2009,2009,Academic Year 2008-2009,N,P,"","",01/30/2009,12/01/2008,01/05/2009,01/05/2009,01/30/2009,"","",01/08/2016
2010FA,2010FA,Fall Term 2009-2010,2010FA-Fall Term 2009-2010,09/08/2009,12/18/2009,2010,Academic Year 2009-2010,N,P,2010,2010,12/18/2009,05/01/2009,09/08/2009,09/09/2009,12/10/2009,09/01/2009,01/15/2010,01/08/2016
2010JA,2010JA,January Term 2009-2010,2010JA-January Term 2009-2010,01/04/2010,01/31/2010,2010,Academic Year 2009-2010,N,P,"","",01/29/2010,12/01/2009,01/04/2010,01/04/2010,02/01/2010,"","",01/08/2016
2010SP,2010SP,Spring Term 2009-2010,2010SP-Spring Term 2009-2010,02/01/2010,05/21/2010,2010,Academic Year 2009-2010,N,P,2010,2010,05/21/2010,12/01/2009,02/01/2010,02/02/2010,05/13/2010,01/16/2010,05/31/2010,01/08/2016
2009FA,2009FA,Fall Term 2008-2009,2009FA-Fall Term 2008-2009,09/02/2008,12/19/2008,2009,Academic Year 2008-2009,N,P,2009,2009,12/19/2008,05/01/2008,09/02/2008,09/03/2008,12/10/2008,09/01/2008,01/15/2009,01/08/2016
2009SU,2009SU,Summer Term 2009,2009SU-Summer Term 2009,06/08/2009,08/18/2009,2009,Academic Year 2008-2009,N,P,2010,2010,08/18/2009,05/01/2009,06/08/2009,06/08/2009,08/18/2009,06/01/2009,08/31/2009,01/08/2016
2010SU,2010SU,Summer Term 2010,2010SU-Summer Term 2010,06/07/2010,08/17/2010,2010,Academic Year 2009-2010,N,P,2011,2011,08/17/2010,05/03/2010,06/07/2010,06/07/2010,08/17/2010,06/01/2010,08/31/2010,01/08/2016
2011FA,2011FA,Fall Term 2010-2011,2011FA-Fall Term 2010-2011,09/07/2010,12/17/2010,2011,Academic Year 2010-2011,N,P,2011,2011,12/17/2010,05/03/2010,09/07/2010,09/08/2010,12/09/2010,09/01/2010,01/15/2011,01/08/2016
2011JA,2011JA,January Term 2010-2011,2011JA-January Term 2010-2011,01/03/2011,01/30/2011,2011,Academic Year 2010-2011,N,P,"","",01/28/2011,12/01/2010,01/03/2011,01/03/2011,01/31/2011,"","",01/08/2016
2011SP,2011SP,Spring Term 2010-2011,2011SP-Spring Term 2010-2011,01/31/2011,06/05/2011,2011,Academic Year 2010-2011,N,P,2011,2011,05/20/2011,12/01/2010,01/31/2011,02/01/2011,05/12/2011,01/16/2011,05/31/2011,01/08/2016
2011SU,2011SU,Summer Term 2011,2011SU-Summer Term 2011,06/06/2011,08/16/2011,2011,Academic Year 2010-2011,N,P,2012,2012,08/21/2011,05/02/2011,06/06/2011,06/06/2011,08/16/2011,06/01/2011,08/31/2011,01/08/2016
2012FA,2012FA,Fall Term 2011-2012,2012FA-Fall Term 2011-2012,09/06/2011,12/22/2011,2012,Academic Year 2011-2012,N,P,2012,2012,12/22/2011,05/02/2011,09/06/2011,09/07/2011,12/14/2011,09/01/2011,01/15/2012,01/08/2016
2012JA,2012JA,January Term 2011-2012,2012JA-January Term 2011-2012,01/09/2012,02/05/2012,2012,Academic Year 2011-2012,N,P,2012,2012,02/03/2012,12/01/2011,01/09/2012,01/09/2012,02/03/2012,"","",01/08/2016
2012SP,2012SP,Spring Term 2011-2012,2012SP-Spring Term 2011-2012,02/06/2012,06/08/2012,2012,Academic Year 2011-2012,N,P,2012,2012,05/25/2012,12/01/2011,02/06/2012,02/07/2012,05/17/2012,01/16/2012,05/31/2012,01/08/2016
2012SU,2012SU,Summer Term 2012,2012SU-Summer Term 2012,06/11/2012,08/21/2012,2012,Academic Year 2011-2012,N,P,2013,2013,08/21/2012,05/01/2012,06/11/2012,06/11/2012,08/21/2012,06/01/2012,08/31/2012,01/08/2016
2013SP,2013SP,Spring Term 2012-2013,2013SP-Spring Term 2012-2013,02/04/2013,05/24/2013,2013,Academic Year 2012-2013,N,P,2013,2013,05/24/2013,12/03/2012,02/04/2013,02/05/2013,05/16/2013,01/16/2013,05/31/2013,01/08/2016
2013SU,2013SU,Summer Term 2013,2013SU-Summer Term 2013,06/10/2013,08/20/2013,2013,Academic Year 2012-2013,N,P,2014,2014,08/20/2013,05/01/2013,06/10/2013,06/10/2013,08/20/2013,06/01/2013,08/31/2013,01/08/2016
2014JA,2014JA,January Term 2013-2014,2014JA-January Term 2013-2014,01/06/2014,01/31/2014,2014,Academic Year 2013-2014,N,P,2014,2014,01/31/2014,12/02/2013,01/06/2014,01/06/2014,01/31/2014,"","",01/08/2016
2014SP,2014SP,Spring Term 2013-2014,2014SP-Spring Term 2013-2014,02/03/2014,05/23/2014,2014,Academic Year 2013-2014,N,P,2014,2014,05/23/2014,12/02/2013,02/03/2014,02/04/2014,05/15/2014,01/16/2014,05/31/2014,01/08/2016
2014SU,2014SU,Summer Term 2014,2014SU-Summer Term 2014,06/09/2014,08/03/2014,2014,Academic Year 2013-2014,N,P,2015,2015,08/19/2014,05/01/2014,06/09/2014,06/09/2014,08/19/2014,06/01/2014,08/31/2014,01/08/2016
2016FA,2016FA,Fall Term 2015-2016,2016FA-Fall Term 2015-2016,09/08/2015,12/18/2015,2016,Academic Year 2015-2016,N,P,2016,2016,12/18/2015,05/01/2015,09/08/2015,09/09/2015,12/10/2015,09/01/2015,01/15/2016,01/08/2016
2016SP,2016SP,Spring Term 2015-2016,2016SP-Spring Term 2015-2016,02/01/2016,05/20/2016,2016,Academic Year 2015-2016,N,F,2016,2016,05/20/2016,12/01/2015,02/01/2016,"","",01/16/2016,05/31/2016,01/08/2016
2016SU,2016SU,Summer Term 2016,2016SU-Summer Term 2016,06/06/2016,08/16/2016,2016,Academic Year 2015-2016,N,"",2017,2017,08/16/2016,05/01/2016,06/06/2016,"","","","",01/08/2016
2018FA,2018FA,Fall Term 2017-2018,2018FA-Fall Term 2017-2018,09/05/2017,12/22/2017,2018,Academic Year 2017-2018,N,"",2018,2018,12/20/2017,05/01/2017,09/03/2017,"","","","",01/08/2016
2018JA,2018JA,January Term 2017-2018,2018JA-January Term 2017-2018,01/08/2018,02/02/2018,2018,Academic Year 2017-2018,N,"",2018,2018,02/01/2018,12/01/2017,01/07/2018,"","","","",01/08/2016
2018SU,2018SU,Summer Term 2018,2018SU-Summer Term 2018,06/11/2018,08/21/2018,2018,Academic Year 2017-2018,N,"",2019,2019,08/20/2018,05/01/2018,06/10/2018,"","","","",01/08/2016
2019FA,2019FA,Fall Term 2018-2019,2019FA-Fall Term 2018-2019,09/04/2018,12/21/2018,2019,Academic Year 2018-2019,N,"",2019,2019,12/20/2018,05/01/2018,09/03/2018,"","","","",01/08/2016
2019SP,2019SP,Spring Term 2018-2019,2019SP-Spring Term 2018-2019,02/04/2019,05/24/2019,2019,Academic Year 2018-2019,N,"",2019,2019,05/23/2019,12/01/2018,02/03/2019,"","","","",01/08/2016
2019JA,2019JA,January Term 2018-2019,2019JA-January Term 2018-2019,01/07/2019,02/01/2019,2019,Academic Year 2018-2019,N,"",2019,2019,02/01/2019,12/01/2018,01/07/2019,"","","","",01/08/2016
2020FA,2020FA,Fall Term 2019-2020,2020FA-Fall Term 2019-2020,09/03/2019,12/20/2019,2020,Academic Year 2019-2020,N,"",2020,2020,12/20/2019,05/01/2019,09/03/2019,"","","","",01/08/2016
2020JA,2020JA,January Term 2019-2020,2020JA-January Term 2019-2020,01/06/2020,01/31/2020,2020,Academic Year 2019-2020,N,"",2020,2020,02/01/2020,12/01/2019,01/07/2020,"","","","",01/08/2016
2020SP,2020SP,Spring Term 2019-2020,2020SP-Spring Term 2019-2020,02/03/2020,05/22/2020,2020,Academic Year 2019-2020,N,"",2020,2020,05/22/2020,12/01/2019,02/03/2020,"","","","",01/08/2016
2020SU,2020SU,Summer Term 2020,2020SU-Summer Term 2020,06/08/2020,08/18/2020,2020,Academic Year 2019-2020,N,"",2020,2020,08/19/2020,05/01/2020,06/09/2020,"","","","",01/08/2016
2015FA,2015FA,Fall Term 2014-2015,2015FA-Fall Term 2014-2015,09/02/2014,12/19/2014,2015,Academic Year 2014-2015,N,P,2015,2015,12/19/2014,05/01/2014,09/02/2014,09/03/2014,12/10/2014,09/01/2014,01/15/2015,01/08/2016
2015JA,2015JA,January Term 2014-2015,2015JA-January Term 2014-2015,01/05/2015,01/30/2015,2015,Academic Year 2014-2015,N,P,2015,2015,01/30/2015,12/01/2014,01/05/2015,01/05/2015,01/30/2015,"","",01/08/2016
2015SP,2015SP,Spring Term 2014-2015,2015SP-Spring Term 2014-2015,02/02/2015,05/22/2015,2015,Academic Year 2014-2015,N,P,2015,2015,05/22/2015,12/01/2014,02/02/2015,02/03/2015,05/14/2015,01/16/2015,05/31/2015,01/08/2016
2015SU,2015SU,Summer Term 2015,2015SU-Summer Term 2015,06/08/2015,08/18/2015,2015,Academic Year 2014-2015,N,P,2016,2016,08/18/2015,05/01/2015,06/08/2015,06/08/2015,08/14/2015,06/01/2015,08/31/2015,01/08/2016
2017FA,2017FA,Fall Term 2016-2017,2017FA-Fall Term 2016-2017,09/06/2016,12/22/2016,2017,Academic Year 2016-2017,N,"",2017,2017,12/22/2016,05/01/2016,09/06/2016,"","","","",01/08/2016
2017JA,2017JA,January Term 2016-2017,2017JA-January Term 2016-2017,01/09/2017,02/03/2017,2017,Academic Year 2016-2017,N,"",2017,2017,02/03/2017,12/01/2016,01/09/2017,"","","","",01/08/2016
2017SP,2017SP,Spring Term 2016-2017,2017SP-Spring Term 2016-2017,02/06/2017,05/26/2017,2017,Academic Year 2016-2017,N,"",2017,2017,05/26/2017,12/01/2016,02/06/2017,"","","","",01/08/2016
2017SU,2017SU,Summer Term 2017,2017SU-Summer Term 2017,06/12/2017,08/22/2017,2017,Academic Year 2016-2017,N,"",2018,2018,08/22/2017,05/01/2017,06/12/2017,"","","","",01/08/2016
1962FA,1962FA,Fall Term 1961-1962,1962FA-Fall Term 1961-1962,09/18/1961,01/26/1962,1962,Academic Year 1961-1962,N,P,1962,1962,01/26/1962,"",09/18/1961,"","","","",01/08/2016
1972FA,1972FA,Fall Term 1971-1972,1972FA-Fall Term 1971-1972,09/13/1971,12/22/1971,1972,Academic Year 1971-1972,N,P,1972,1972,12/22/1971,"",09/13/1971,"","","","",01/08/2016
1971SU,1971SU,Summer Term 1971,1971SU-Summer Term 1971,06/14/1971,08/26/1971,1971,Academic Year 1970-1971,N,P,1972,1972,08/26/1971,"",06/14/1971,"","","","",01/08/2016
1969SU,1969SU,Summer Term 1969,1969SU-Summer Term 1969,06/17/1969,08/28/1969,1969,Academic Year 1968-1969,N,P,1970,1970,08/28/1969,"",06/17/1969,"","","","",01/08/2016
1979FA,1979FA,Fall Term 1978-1979,1979FA-Fall Term 1978-1979,09/11/1978,12/21/1978,1979,Academic Year 1978-1979,N,P,1979,1979,12/21/1978,"",09/11/1978,"","",09/01/1978,01/15/1979,01/08/2016
1977SU,1977SU,Summer Term 1977,1977SU-Summer Term 1977,06/13/1977,08/24/1977,1977,Academic Year 1976-1977,N,P,1978,1978,08/24/1977,"",06/13/1977,"","","","",01/08/2016
1975SP,1975SP,Spring Term 1974-1975,1975SP-Spring Term 1974-1975,02/03/1975,05/22/1975,1975,Academic Year 1974-1975,N,P,1975,1975,05/22/1975,"",02/03/1975,"","","","",01/08/2016
1993FA,1993FA,Fall Term 1992-1993,1993FA-Fall Term 1992-1993,09/09/1992,12/18/1992,1993,Academic Year 1992-1993,N,P,1993,1993,12/18/1992,"",09/09/1992,09/10/1992,12/10/1992,09/01/1992,01/15/1993,01/08/2016
1997SP,1997SP,Spring Term 1996-1997,1997SP-Spring Term 1996-1997,02/03/1997,05/23/1997,1997,Academic Year 1996-1997,N,P,1997,1997,05/23/1997,05/01/1997,02/03/1997,02/04/1997,05/15/1997,01/16/1997,05/31/1997,01/08/2016
2000SU,2000SU,Summer Term 2000,2000SU-Summer Term 2000,06/05/2000,08/15/2000,2000,Academic Year 1999-2000,N,P,2001,2001,08/16/2000,05/01/2000,06/06/2000,06/05/2000,08/15/2000,06/01/2000,08/31/2000,01/08/2016
2018SP,2018SP,Spring Term 2017-2018,2018SP-Spring Term 2017-2018,02/05/2018,05/25/2018,2018,Academic Year 2017-2018,N,"",2018,2018,05/23/2018,12/01/2017,02/03/2018,"","","","",01/08/2016
1962SP,1962SP,Spring Term 1961-1962,1962SP-Spring Term 1961-1962,02/05/1962,06/01/1962,1962,Academic Year 1961-1962,N,P,1962,1962,06/01/1962,"",02/05/1962,"","","","",01/08/2016
2003FA,2003FA,Fall Term 2002-2003,2003FA-Fall Term 2002-2003,09/03/2002,01/05/2003,2003,Academic Year 2002-2003,N,P,2003,2003,12/20/2002,05/01/2002,09/03/2002,09/04/2002,12/11/2002,09/01/2002,01/15/2003,01/08/2016
1969FA,1969FA,Fall Term 1968-1969,1969FA-Fall Term 1968-1969,09/23/1968,01/31/1969,1969,Academic Year 1968-1969,N,P,1969,1969,01/31/1969,"",09/23/1968,"","","","",01/08/2016
1965FA,1965FA,Fall Term 1964-1965,1965FA-Fall Term 1964-1965,09/21/1964,01/29/1965,1965,Academic Year 1964-1965,N,P,1965,1965,01/29/1965,"",09/21/1964,"","","","",01/08/2016
1980SP,1980SP,Spring Term 1979-1980,1980SP-Spring Term 1979-1980,02/04/1980,05/22/1980,1980,Academic Year 1979-1980,N,P,1980,1980,05/22/1980,"",02/04/1980,"","",01/16/1980,05/31/1980,01/08/2016
1992FA,1992FA,Fall Term 1991-1992,1992FA-Fall Term 1991-1992,09/09/1991,12/20/1991,1992,Academic Year 1991-1992,N,P,1992,1992,12/20/1991,"",09/09/1991,09/10/1991,12/12/1991,09/01/1991,01/15/1992,01/08/2016
1990FA,1990FA,Fall Term 1989-1990,1990FA-Fall Term 1989-1990,09/11/1989,12/22/1989,1990,Academic Year 1989-1990,N,P,1990,1990,12/22/1989,"",09/11/1989,"","",09/01/1989,01/15/1990,01/08/2016
1984FA,1984FA,Fall Term 1983-1984,1984FA-Fall Term 1983-1984,09/12/1983,12/22/1983,1984,Academic Year 1983-1984,N,P,1984,1984,12/22/1983,"",09/12/1983,"","",09/01/1983,01/15/1984,01/08/2016
2006SP,2006SP,Spring Term 2005-2006,2006SP-Spring Term 2005-2006,02/06/2006,05/28/2006,2006,Academic Year 2005-2006,N,P,2006,2006,05/26/2006,12/01/2005,02/06/2006,02/07/2006,05/18/2006,01/16/2006,05/31/2006,01/08/2016
2013FA,2013FA,Fall Term 2012-2013,2013FA-Fall Term 2012-2013,09/04/2012,12/21/2012,2013,Academic Year 2012-2013,N,P,2013,2013,12/21/2012,05/01/2012,09/04/2012,09/05/2012,12/12/2012,09/01/2012,01/15/2013,01/08/2016
1997FA,1997FA,Fall Term 1996-1997,1997FA-Fall Term 1996-1997,09/03/1996,12/20/1996,1997,Academic Year 1996-1997,N,P,1997,1997,12/20/1996,05/03/1996,09/03/1996,09/04/1996,12/11/1996,09/01/1996,01/15/1997,01/08/2016
1973SU,1973SU,Summer Term 1973,1973SU-Summer Term 1973,06/11/1973,08/23/1973,1973,Academic Year 1972-1973,N,P,1974,1974,08/23/1973,"",06/11/1973,"","","","",01/08/2016
1982JA,1982JA,January Term 1981-1982,1982JA-January Term 1981-1982,01/04/1982,01/27/1982,1982,Academic Year 1981-1982,N,P,"","",01/27/1982,"",01/04/1982,"","","","",01/08/2016
1978FA,1978FA,Fall Term 1977-1978,1978FA-Fall Term 1977-1978,09/12/1977,12/22/1977,1978,Academic Year 1977-1978,N,P,1978,1978,12/22/1977,"",09/12/1977,"","",09/01/1977,01/15/1978,01/08/2016
1995FA,1995FA,Fall Term 1994-1995,1995FA-Fall Term 1994-1995,09/06/1994,12/22/1994,1995,Academic Year 1994-1995,N,P,1995,1995,12/22/1994,"",09/06/1994,09/07/1994,12/14/1994,09/01/1994,01/15/1995,01/08/2016
1983SP,1983SP,Spring Term 1982-1983,1983SP-Spring Term 1982-1983,01/31/1983,05/18/1983,1983,Academic Year 1982-1983,N,P,1983,1983,05/18/1983,"",01/31/1983,"","",01/16/1983,05/31/1983,01/08/2016
1986FA,1986FA,Fall Term 1985-1986,1986FA-Fall Term 1985-1986,09/09/1985,12/20/1985,1986,Academic Year 1985-1986,N,P,1986,1986,12/20/1985,"",09/09/1985,"","",09/01/1985,01/15/1986,01/08/2016
1997SU,1997SU,Summer Term 1997,1997SU-Summer Term 1997,06/09/1997,08/19/1997,1997,Academic Year 1996-1997,N,P,1998,1998,08/19/1997,"",06/09/1997,06/09/1997,08/19/1997,06/01/1997,08/31/1997,01/08/2016
1959FA,1959FA,Fall Term 1958-1959,1959FA-Fall Term 1958-1959,09/18/1958,01/30/1959,1959,Academic Year 1958-1959,N,P,XXXX,XXXX,01/25/1959,"",09/17/1958,"","","","",01/08/2016
2008SU,2008SU,Summer Term 2008,2008SU-Summer Term 2008,06/09/2008,08/19/2008,2008,Academic Year 2007-2008,N,P,2009,2009,08/19/2008,05/01/2008,06/09/2008,06/09/2008,08/19/2008,06/01/2008,08/31/2008,01/08/2016
2013JA,2013JA,January Term 2012-2013,2013JA-January Term 2012-2013,01/07/2013,02/01/2013,2013,Academic Year 2012-2013,N,P,2013,2013,02/01/2013,12/03/2012,01/05/2013,01/07/2013,02/01/2013,"","",01/08/2016
2019SU,2019SU,Summer Term 2019,2019SU-Summer Term 2019,06/10/2019,08/20/2019,2019,Academic Year 2018-2019,N,"",2020,2020,08/20/2019,05/01/2019,06/10/2019,"","","","",01/08/2016
1960SU,1960SU,Summer Term 1960,1960SU-Summer Term 1960,06/20/1960,09/01/1960,1960,Academic Year 1959-1960,N,P,1961,1961,09/01/1960,"",06/20/1960,"","","","",01/08/2016
1998JA,1998JA,January Term 1997-1998,1998JA-January Term 1997-1998,01/05/1998,01/30/1998,1998,Academic Year 1997-1998,N,P,"","",01/30/1998,"",01/05/1998,01/05/1998,01/30/1998,"","",01/08/2016
1973SP,1973SP,Spring Term 1972-1973,1973SP-Spring Term 1972-1973,02/05/1973,05/24/1973,1973,Academic Year 1972-1973,N,P,1973,1973,05/24/1973,"",02/05/1973,"","","","",01/08/2016
1980FA,1980FA,Fall Term 1979-1980,1980FA-Fall Term 1979-1980,09/10/1979,12/20/1979,1980,Academic Year 1979-1980,N,P,1980,1980,12/20/1979,"",09/10/1979,"","",09/01/1979,01/15/1980,01/08/2016
1975JA,1975JA,January Term 1974-1975,1975JA-January Term 1974-1975,01/06/1975,01/29/1975,1975,Academic Year 1974-1975,N,P,"","",01/29/1975,"",01/06/1975,"","","","",01/08/2016
1989SP,1989SP,Spring Term 1988-1989,1989SP-Spring Term 1988-1989,02/06/1989,05/24/1989,1989,Academic Year 1988-1989,N,P,1989,1989,05/24/1989,"",02/06/1989,"","",01/16/1989,05/31/1989,01/08/2016
1984JA,1984JA,January Term 1983-1984,1984JA-January Term 1983-1984,01/09/1984,02/01/1984,1984,Academic Year 1983-1984,N,P,"","",02/01/1984,"",01/09/1984,"","","","",01/08/2016
1999SU,1999SU,Summer Term 1999,1999SU-Summer Term 1999,06/07/1999,08/17/1999,1999,Academic Year 1998-1999,N,P,2000,2000,08/17/1999,05/01/1999,06/07/1999,06/07/1999,08/17/1999,06/01/1999,08/31/1999,01/08/2016
2009SP,2009SP,Spring Term 2008-2009,2009SP-Spring Term 2008-2009,02/02/2009,05/22/2009,2009,Academic Year 2008-2009,N,P,2009,2009,05/22/2009,12/01/2008,02/02/2009,02/03/2009,05/14/2009,01/16/2009,05/31/2009,01/08/2016
2016JA,2016JA,January Term 2015-2016,2016JA-January Term 2015-2016,01/04/2016,01/29/2016,2016,Academic Year 2015-2016,Y,C,2016,2016,01/29/2016,12/01/2015,01/04/2016,"","","","",01/08/2016
2014FA,2014FA,Fall Term 2013-2014,2014FA-Fall Term 2013-2014,09/03/2013,12/20/2013,2014,Academic Year 2013-2014,N,P,2014,2014,12/20/2013,05/01/2013,09/03/2013,09/04/2013,12/11/2013,09/01/2013,01/15/2014,01/08/2016
